<?xml version="1.0" encoding="utf-8"?>
<odoo>
    <record id="enotif_cron_fetch_notifications" model="ir.cron">
        <field name="name">External Notifications: fetch notifications</field>
        <field name="model_id" ref="enotif.model_enotif_notification"/>
        <field name="state">code</field>
        <field name="code">model.fetch_notifications()</field>
        <field name="interval_number">15</field>
        <field name="interval_type">minutes</field>
        <field name="numbercall">-1</field>
        <field name="doall" eval="False"/>
        <field name="active" eval="True"/>        
    </record>
    <record id="enotif_cron_process_data" model="ir.cron">
        <field name="name">External Notifications: process data</field>
        <field name="model_id" ref="enotif.model_enotif_notification"/>
        <field name="state">code</field>
        <field name="code">model.process_data()</field>
        <field name="interval_number">3</field>
        <field name="interval_type">minutes</field>
        <field name="numbercall">0</field>
        <field name="doall" eval="False"/>
        <field name="active" eval="False"/>        
    </record>    
</odoo>

